{
  "categories": [
    {
      "id": "1",
      "name": "Apple"
    },
    {
      "id": "2",
      "name": "ưe"
    },
    {
      "id": "3",
      "name": "w"
    },
    {
      "id": "4",
      "name": "ừe"
    },
    {
      "id": "5",
      "name": "ưefwf"
    },
    {
      "id": "6",
      "name": "ừew"
    },
    {
      "id": "7",
      "name": "phi"
    }
  ],
  "order_details": [
    {
      "order_id": 1,
      "product_id": 1,
      "quantity": 2,
      "unit_price": 1.5,
      "id": "1"
    },
    {
      "order_id": 1,
      "product_id": 2,
      "quantity": 3,
      "unit_price": 2,
      "id": "2"
    },
    {
      "order_id": 3,
      "product_id": 3,
      "quantity": 5,
      "unit_price": 3,
      "id": "3"
    },
    {
      "order_id": 4,
      "product_id": 4,
      "quantity": 2,
      "unit_price": 1.8,
      "id": "4"
    },
    {
      "order_id": 5,
      "product_id": 5,
      "quantity": 4,
      "unit_price": 2.5,
      "id": "5"
    },
    {
      "order_id": 6,
      "product_id": 6,
      "quantity": 3,
      "unit_price": 2.2,
      "id": "6"
    },
    {
      "order_id": 7,
      "product_id": 7,
      "quantity": 1,
      "unit_price": 1,
      "id": "7"
    },
    {
      "order_id": 8,
      "product_id": 8,
      "quantity": 6,
      "unit_price": 2.8,
      "id": "8"
    },
    {
      "order_id": 9,
      "product_id": 9,
      "quantity": 2,
      "unit_price": 1.3,
      "id": "9"
    },
    {
      "order_id": 10,
      "product_id": 10,
      "quantity": 3,
      "unit_price": 2.4,
      "id": "10"
    },
    {
      "order_id": 11,
      "product_id": 11,
      "quantity": 2,
      "unit_price": 1.7,
      "id": "11"
    },
    {
      "order_id": 12,
      "product_id": 12,
      "quantity": 4,
      "unit_price": 2.9,
      "id": "12"
    },
    {
      "order_id": 13,
      "product_id": 13,
      "quantity": 2,
      "unit_price": 1.2,
      "id": "13"
    },
    {
      "order_id": 14,
      "product_id": 14,
      "quantity": 5,
      "unit_price": 3.2,
      "id": "14"
    },
    {
      "order_id": 15,
      "product_id": 15,
      "quantity": 1,
      "unit_price": 1.1,
      "id": "15"
    }
  ],
  "orders": [
    {
      "name": "",
      "address": "",
      "mobile": "",
      "email": "",
      "date": "11:14:53",
      "cart": [
        {
          "id": "2",
          "cate_id": 2,
          "detail": "Aromatic and flavorful basil",
          "image": "",
          "name": "Basil",
          "price": 1.2,
          "qty": 1
        }
      ],
      "customer": {
        "id": "be04_customer"
      },
      "order_details": [
        {
          "id": "be04_1"
        }
      ],
      "id": "be04"
    },
    {
      "name": "Phi nguyễn",
      "address": "sóc trăng",
      "mobile": "0702912140",
      "email": "phideptroai337@gmail.com",
      "date": "00:00:13 5/2/2024",
      "cart": [
        {
          "id": "1",
          "cate_id": 1,
          "detail": "Nutrient-rich leafy greens",
          "image": "",
          "name": "Spinach",
          "price": 2.5,
          "qty": 1
        },
        {
          "id": "2",
          "cate_id": 2,
          "detail": "Aromatic and flavorful basil",
          "image": "",
          "name": "Basil",
          "price": 1.2,
          "qty": 1
        }
      ],
      "customer": {
        "id": "93d9_customer"
      },
      "order_details": [
        {
          "id": "93d9_1"
        },
        {
          "id": "93d9_2"
        }
      ],
      "id": "93d9"
    }
  ],
  "products": [
    {
      "id": "1",
      "cate_id": 1,
      "detail": "Nutrient-rich leafy greens",
      "image": "",
      "name": "Spinach",
      "price": 2.5
    },
    {
      "id": "2",
      "cate_id": 2,
      "detail": "Aromatic and flavorful basil",
      "image": "",
      "name": "Basil",
      "price": 1.2
    },
    {
      "id": "3",
      "cate_id": 3,
      "detail": "Healthy vegetable",
      "image": "",
      "name": "Carrot",
      "price": 1
    },
    {
      "id": "4",
      "cate_id": 4,
      "detail": "Leafy vegetable with a unique taste",
      "image": "",
      "name": "Kale",
      "price": 2
    },
    {
      "id": "5",
      "cate_id": 5,
      "detail": "Root vegetable known for its sweetness",
      "image": "",
      "name": "Sweet Potato",
      "price": 1.5
    },
    {
      "id": "6",
      "cate_id": 6,
      "detail": "Cruciferous vegetable with a peppery flavor",
      "image": "",
      "name": "apple",
      "price": 2.2
    },
    {
      "id": "7",
      "cate_id": 1,
      "detail": "Versatile vegetable used in various dishes",
      "image": "",
      "name": "Zucchini",
      "price": 1.8
    },
    {
      "id": "9",
      "cate_id": 3,
      "detail": "Root vegetable with a distinctive taste",
      "image": "",
      "name": "Radish",
      "price": 1.6
    },
    {
      "id": "10",
      "name": "Endive",
      "price": "2.3",
      "detail": "Leafy green with a slightly bitter taste",
      "img": null,
      "cate_id": ""
    },
    {
      "id": "11",
      "cate_id": 5,
      "detail": "Nutrient-rich vegetable with a mild flavor",
      "image": "",
      "name": "Cabbage",
      "price": 1.7
    },
    {
      "id": "12",
      "cate_id": 6,
      "detail": "Crunchy and sweet root vegetable",
      "image": "",
      "name": "Beetroot",
      "price": 1.4
    },
    {
      "id": "13",
      "cate_id": 2,
      "detail": "Leafy green with a peppery taste",
      "image": "https://encrypted-tbn0.gstatic.com/images?q=tbn:ANd9GcSEI993NjV4WcutcSnUUl4yd3aAFJ4Qn3YoSA&usqp=CAU",
      "name": "Watercress",
      "price": 2.1
    },
    {
      "id": "14",
      "cate_id": 1,
      "detail": "Root vegetable with a distinctive color",
      "image": "https://encrypted-tbn0.gstatic.com/images?q=tbn:ANd9GcTmyOucLf8roxo7jcmZwTL4RZn--8H5zeIP5g&usqp=CAU",
      "name": "Purple Potato",
      "price": 1.9
    },
    {
      "id": "15",
      "cate_id": 4,
      "detail": "Versatile vegetable used in salads",
      "image": "https://encrypted-tbn0.gstatic.com/images?q=tbn:ANd9GcTvperFaIVtZMQ1usrdK4nlCY_EDrCCjYy75A&usqp=CAU",
      "name": "Cucumber",
      "price": 2.4
    }
  ],
  "user": [
    {
      "id": "1",
      "name": "phi",
      "image": "https://cdn-icons-png.flaticon.com/512/9131/9131529.png",
      "email": "",
      "password": "123",
      "admin": 1
    },
    {
      "id": "2",
      "name": "",
      "image": "https://cdn-icons-png.flaticon.com/512/9131/9131529.png",
      "email": "",
      "password": "",
      "admin": 0
    },
    {
      "id": "3",
      "image": "https://cdn-icons-png.flaticon.com/512/9131/9131529.png",
      "name": "Hoangf Phi",
      "email": "phinhpc05786@fpt.edu.vn",
      "password": "12345",
      "admin": 1
    }
  ]
}