{
  "order_details": [
    {
      "order_id": 1,
      "product_id": 1,
      "quantity": 2,
      "unit_price": 1.5,
      "id": "980d"
    },
    {
      "order_id": 1,
      "product_id": 2,
      "quantity": 3,
      "unit_price": 2,
      "id": "e408"
    },
    {
      "order_id": 3,
      "product_id": 3,
      "quantity": 5,
      "unit_price": 3,
      "id": "c420"
    },
    {
      "order_id": 4,
      "product_id": 4,
      "quantity": 2,
      "unit_price": 1.8,
      "id": "8787"
    },
    {
      "order_id": 5,
      "product_id": 5,
      "quantity": 4,
      "unit_price": 2.5,
      "id": "ef71"
    },
    {
      "order_id": 6,
      "product_id": 6,
      "quantity": 3,
      "unit_price": 2.2,
      "id": "a2da"
    },
    {
      "order_id": 7,
      "product_id": 7,
      "quantity": 1,
      "unit_price": 1,
      "id": "0588"
    },
    {
      "order_id": 8,
      "product_id": 8,
      "quantity": 6,
      "unit_price": 2.8,
      "id": "6adc"
    },
    {
      "order_id": 9,
      "product_id": 9,
      "quantity": 2,
      "unit_price": 1.3,
      "id": "0b48"
    },
    {
      "order_id": 10,
      "product_id": 10,
      "quantity": 3,
      "unit_price": 2.4,
      "id": "f8e1"
    },
    {
      "order_id": 11,
      "product_id": 11,
      "quantity": 2,
      "unit_price": 1.7,
      "id": "b40d"
    },
    {
      "order_id": 12,
      "product_id": 12,
      "quantity": 4,
      "unit_price": 2.9,
      "id": "85e7"
    },
    {
      "order_id": 13,
      "product_id": 13,
      "quantity": 2,
      "unit_price": 1.2,
      "id": "14c3"
    },
    {
      "order_id": 14,
      "product_id": 14,
      "quantity": 5,
      "unit_price": 3.2,
      "id": "df6b"
    },
    {
      "order_id": 15,
      "product_id": 15,
      "quantity": 1,
      "unit_price": 1.1,
      "id": "f338"
    }
  ],
  "orders": [
    {
      "id": "1",
      "created_date": "2024-02-15",
      "customer_address": "456 Elm Street",
      "customer_email": "anothercustomer@example.com",
      "customer_name": "John Smith",
      "customer_phone_number": "+1 555-666-7777",
      "status": "Processing"
    },
    {
      "id": "2",
      "created_date": "2024-03-02",
      "customer_address": "789 Pine Avenue",
      "customer_email": "pinecustomer@example.com",
      "customer_name": "Emily White",
      "customer_phone_number": "+1 333-444-5555",
      "status": "Shipped"
    },
    {
      "id": "3",
      "created_date": "2024-03-10",
      "customer_address": "101 Maple Lane",
      "customer_email": "maplecustomer@example.com",
      "customer_name": "David Brown",
      "customer_phone_number": "+1 777-888-9999",
      "status": "Delivered"
    },
    {
      "id": "4",
      "created_date": "2024-03-18",
      "customer_address": "222 Birch Road",
      "customer_email": "birchcustomer@example.com",
      "customer_name": "Sarah Green",
      "customer_phone_number": "+1 123-456-7890",
      "status": "Pending"
    },
    {
      "id": "5",
      "created_date": "2024-03-25",
      "customer_address": "333 Cedar Street",
      "customer_email": "cedarcustomer@example.com",
      "customer_name": "Thomas Taylor",
      "customer_phone_number": "+1 999-000-1111",
      "status": "Processing"
    },
    {
      "id": "6",
      "created_date": "2024-04-02",
      "customer_address": "444 Oak Avenue",
      "customer_email": "oakcustomer@example.com",
      "customer_name": "Jennifer Anderson",
      "customer_phone_number": "+1 222-333-4444",
      "status": "Shipped"
    },
    {
      "id": "7",
      "created_date": "2024-04-10",
      "customer_address": "555 Pine Street",
      "customer_email": "pine2customer@example.com",
      "customer_name": "Robert Johnson",
      "customer_phone_number": "+1 777-888-9999",
      "status": "Delivered"
    },
    {
      "id": "8",
      "created_date": "2024-04-18",
      "customer_address": "666 Elm Lane",
      "customer_email": "elmcustomer@example.com",
      "customer_name": "Jessica White",
      "customer_phone_number": "+1 111-222-3333",
      "status": "Pending"
    },
    {
      "id": "9",
      "created_date": "2024-04-25",
      "customer_address": "777 Birch Road",
      "customer_email": "birch2customer@example.com",
      "customer_name": "Michael Green",
      "customer_phone_number": "+1 999-000-1111",
      "status": "Processing"
    },
    {
      "id": "10",
      "created_date": "2024-05-02",
      "customer_address": "888 Cedar Avenue",
      "customer_email": "cedar2customer@example.com",
      "customer_name": "Maria Taylor",
      "customer_phone_number": "+1 555-666-7777",
      "status": "Shipped"
    },
    {
      "id": "11",
      "created_date": "2024-05-10",
      "customer_address": "999 Maple Street",
      "customer_email": "maple2customer@example.com",
      "customer_name": "Christopher Brown",
      "customer_phone_number": "+1 123-456-7890",
      "status": "Delivered"
    },
    {
      "id": "12",
      "created_date": "2024-05-18",
      "customer_address": "1010 Oak Lane",
      "customer_email": "oak2customer@example.com",
      "customer_name": "Amanda Anderson",
      "customer_phone_number": "+1 333-444-5555",
      "status": "Pending"
    },
    {
      "id": "13",
      "created_date": "2024-05-25",
      "customer_address": "1111 Pine Road",
      "customer_email": "pine3customer@example.com",
      "customer_name": "Daniel Johnson",
      "customer_phone_number": "+1 777-888-9999",
      "status": "Processing"
    },
    {
      "id": "14",
      "created_date": "2024-06-02",
      "customer_address": "1212 Elm Street",
      "customer_email": "elm2customer@example.com",
      "customer_name": "Laura White",
      "customer_phone_number": "+1 111-222-3333",
      "status": "Shipped"
    },
    {
      "id": "15",
      "created_date": "2024-06-10",
      "customer_address": "1313 Birch Avenue",
      "customer_email": "birch3customer@example.com",
      "customer_name": "Brian Green",
      "customer_phone_number": "+1 999-000-1111",
      "status": "Delivered"
    }
  ],
  "products": [
    {
      "id": "1",
      "cate_id": 1,
      "detail": "Nutrient-rich leafy greens",
      "image": "",
      "name": "Spinach",
      "price": 2.5
    },
    {
      "id": "2",
      "cate_id": 2,
      "detail": "Aromatic and flavorful basil",
      "image": "",
      "name": "Basil",
      "price": 1.2
    },
    {
      "id": "3",
      "cate_id": 3,
      "detail": "Healthy vegetable",
      "image": "",
      "name": "Carrot",
      "price": 1
    },
    {
      "id": "5",
      "cate_id": 5,
      "detail": "Root vegetable known for its sweetness",
      "image": "",
      "name": "Sweet Potato",
      "price": 1.5
    },
    {
      "id": "6",
      "cate_id": 6,
      "detail": "Cruciferous vegetable with a peppery flavor",
      "image": "",
      "name": "",
      "price": 2.2
    },
    {
      "id": "7",
      "cate_id": 7,
      "detail": "Versatile vegetable used in various dishes",
      "image": "",
      "name": "Zucchini",
      "price": 1.8
    },
    {
      "id": "8",
      "cate_id": 8,
      "detail": "Flavorful herb commonly used in cooking",
      "image": "",
      "name": "Parsley",
      "price": 1.3
    },
    {
      "id": "9",
      "cate_id": 9,
      "detail": "Root vegetable with a distinctive taste",
      "image": "",
      "name": "Radish",
      "price": 1.6
    },
    {
      "id": "10",
      "cate_id": 10,
      "detail": "Leafy green with a slightly bitter taste",
      "image": "",
      "name": "Endive",
      "price": 2.3
    },
    {
      "id": "11",
      "cate_id": 11,
      "detail": "Nutrient-rich vegetable with a mild flavor",
      "image": "",
      "name": "Cabbage",
      "price": 1.7
    },
    {
      "id": "12",
      "cate_id": 12,
      "detail": "Crunchy and sweet root vegetable",
      "image": "",
      "name": "Beetroot",
      "price": 1.4
    },
    {
      "id": "13",
      "cate_id": 13,
      "detail": "Leafy green with a peppery taste",
      "image": "",
      "name": "Watercress",
      "price": 2.1
    },
    {
      "id": "14",
      "cate_id": 14,
      "detail": "Root vegetable with a distinctive color",
      "image": "",
      "name": "Purple Potato",
      "price": 1.9
    },
    {
      "id": "15",
      "cate_id": 15,
      "detail": "Versatile vegetable used in salads",
      "image": "",
      "name": "Cucumber",
      "price": 2.4
    }
  ]
}